Threshold,False Negatives,False Positives,Expected Cost
0.0,0,7729,1159350
0.00036057692307692304,3,3354,518100
0.0003684210526315789,3,3338,515700
0.00044513457556935815,3,3320,513000
0.0005,3,3169,490350
0.0005681818181818182,3,3157,488550
0.0005952380952380952,3,3154,488100
0.0006428571428571428,3,3151,487650
0.000797872340425532,3,3145,486750
0.0009615384615384616,3,3138,485700
0.0009821428571428572,3,3137,485550
0.001095871040723982,3,3136,485400
0.0011250000000000001,3,3135,485250
0.00125,3,3133,484950
0.0012962962962962963,3,3128,484200
0.0013,3,3126,483900
0.0013043478260869564,3,3124,483600
0.0013194444444444445,3,3121,483150
0.0014772727272727272,3,3120,483000
0.0015079365079365078,3,3119,482850
0.0016,3,3103,480450
0.0016250000000000001,3,3100,480000
0.0016666666666666666,3,3096,479400
0.0017045454545454545,3,3095,479250
0.0017647058823529412,3,3094,479100
0.0017768595041322314,3,3093,478950
0.0018456937799043063,3,3092,478800
0.0019871794871794872,3,3090,478500
0.00203125,3,3089,478350
0.002109375,3,3087,478050
0.0021474358974358974,3,3086,477900
0.0021551724137931034,3,3085,477750
0.0021875,3,3084,477600
0.0022500000000000003,3,3083,477450
0.0023125000000000003,3,3082,477300
0.0024390243902439024,3,3079,476850
0.0024637681159420293,3,3078,476700
0.0025,3,3077,476550
0.0026333041958041957,6,2303,375450
0.0026710526315789473,6,2302,375300
0.002752826883261666,6,2301,375150
0.002857954545454546,6,2300,375000
0.0028605769230769227,6,2299,374850
0.002868421052631579,6,2296,374400
0.002945134575569358,6,2292,373800
0.003,6,2282,372300
0.0030952380952380953,6,2279,371850
0.003142857142857143,6,2276,371400
0.003297872340425532,6,2272,370800
0.0034615384615384616,6,2271,370650
0.003595871040723982,6,2270,370500
0.0036249999999999998,6,2269,370350
0.0036542508417508417,6,2267,370050
0.00375,6,2266,369900
0.0037962962962962963,6,2265,369750
0.0038,6,2263,369450
0.0038043478260869567,6,2262,369300
0.003928571428571429,6,2261,369150
0.004007936507936508,6,2259,368850
0.0040416666666666665,6,2257,368550
0.0041,6,2256,368400
0.004204545454545454,6,2254,368100
0.00425,6,2252,367800
0.004276859504132231,6,2251,367650
0.004318181818181818,6,2245,366750
0.004341397849462365,6,2244,366600
0.0044565217391304346,6,2243,366450
0.004459459459459459,6,2242,366300
0.0045000000000000005,6,2241,366150
0.00453125,6,2240,366000
0.004583333333333333,6,2239,365850
0.004655172413793103,6,2238,365700
0.004684523809523809,6,2237,365550
0.0047395833333333335,6,2236,365400
0.004772727272727273,6,2235,365250
0.004791666666666666,6,2234,365100
0.004805825242718447,6,2233,364950
0.004807692307692308,6,2232,364800
0.004814814814814815,6,2230,364500
0.0048579545454545455,6,2229,364350
0.004883720930232558,6,2228,364200
0.004910714285714286,6,2227,364050
0.004945652173913043,6,2226,363900
0.004963768115942029,6,2224,363600
0.005,6,2223,363450
0.0050664592760181,6,1865,309750
0.005100160256410257,6,1864,309600
0.005193910256410257,6,1863,309450
0.005360576923076923,6,1862,309300
0.005368421052631579,6,1860,309000
0.005401515151515152,6,1852,307800
0.005445134575569358,6,1851,307650
0.005478896103896104,6,1849,307350
0.005496753246753246,6,1848,307200
0.0055681818181818185,6,1847,307050
0.005595238095238095,6,1846,306900
0.005642857142857143,6,1844,306600
0.005735294117647058,6,1841,306150
0.00578125,6,1840,306000
0.0057978723404255314,6,1839,305850
0.005804637281910009,6,1838,305700
0.005961538461538462,6,1837,305550
0.005982142857142857,6,1836,305400
0.006304347826086957,6,1835,305250
0.006319444444444444,6,1834,305100
0.006428571428571428,6,1833,304950
0.006477272727272727,6,1830,304500
0.006499999999999999,6,1829,304350
0.006500000000000001,6,1828,304200
0.006541666666666667,6,1827,304050
0.006574074074074074,6,1826,303900
0.0066,6,1825,303750
0.006764705882352942,6,1822,303300
0.006845693779904306,6,1821,303150
0.0069010416666666664,6,1820,303000
0.006931818181818181,6,1819,302850
0.006956521739130434,6,1818,302700
0.006957251082251081,6,1817,302550
0.006964285714285714,6,1816,302400
0.007147435897435898,6,1815,302250
0.007166666666666667,6,1814,302100
0.0071875,6,1813,301950
0.007213740458015268,6,1812,301800
0.007228260869565217,6,1811,301650
0.0072499999999999995,6,1810,301500
0.007272727272727273,6,1809,301350
0.007279411764705882,6,1808,301200
0.00735,6,1807,301050
0.007427536231884057,6,1806,300900
0.0075,6,1805,300750
0.007664133738601824,9,1610,286500
0.007834150326797386,9,1609,286350
0.007860576923076923,9,1608,286200
0.007868421052631578,9,1607,286050
0.007945134575569357,9,1604,285600
0.007968342074592074,9,1603,285450
0.008037925696594428,9,1602,285300
0.008095238095238095,9,1601,285150
0.008195067663817663,9,1600,285000
0.008569444444444446,9,1599,284850
0.00875,9,1598,284700
0.008897960875331566,9,1597,284550
0.009041666666666667,9,1596,284400
0.009074074074074075,9,1595,284250
0.009204545454545455,9,1594,284100
0.009210526315789473,9,1593,283950
0.009280015197568388,9,1592,283800
0.009326923076923076,9,1591,283650
0.009345693779904306,9,1590,283500
0.009456521739130435,9,1589,283350
0.009464285714285713,9,1588,283200
0.009581339712918661,9,1587,283050
0.00967391304347826,9,1586,282900
0.00968452380952381,9,1585,282750
0.009695121951219512,9,1584,282600
0.009732142857142858,9,1583,282450
0.00975,9,1582,282300
0.009761904761904762,9,1581,282150
0.009772727272727273,9,1580,282000
0.009792395104895104,9,1579,281850
0.009821946169772257,9,1578,281700
0.00985,9,1577,281550
0.009852941176470589,9,1576,281400
0.0098828125,9,1575,281250
0.01,9,1574,281100
0.010044438920212916,9,1444,261600
0.010360576923076924,9,1443,261450
0.010368421052631577,9,1441,261150
0.010373439963029744,9,1439,260850
0.0105,9,1438,260700
0.010568181818181817,9,1436,260400
0.010642857142857143,9,1435,260250
0.010797872340425532,9,1434,260100
0.010938775510204082,9,1432,259800
0.010982142857142855,9,1431,259650
0.011296296296296297,9,1430,259500
0.011600000000000001,9,1429,259350
0.011845693779904307,9,1427,259050
0.011901041666666666,9,1426,258900
0.011958333333333333,9,1425,258750
0.011995293856073518,9,1424,258600
0.01202724358974359,9,1423,258450
0.012142857142857143,9,1422,258300
0.012261904761904762,9,1421,258150
0.012291666666666668,9,1420,258000
0.012302631578947367,9,1419,257850
0.01234375,9,1418,257700
0.012352941176470589,9,1417,257550
0.012361111111111111,9,1416,257400
0.012417763157894737,9,1415,257250
0.012485875706214688,9,1414,257100
0.0125,9,1413,256950
0.012860576923076922,9,1322,243300
0.012868421052631578,9,1319,242850
0.01291897969933952,9,1316,242400
0.013000000000000001,9,1315,242250
0.013168342074592072,9,1314,242100
0.013564660138248847,9,1313,241950
0.01359375,9,1312,241800
0.013928571428571427,9,1310,241500
0.01421875,9,1309,241350
0.014326923076923077,9,1308,241200
0.014456521739130434,9,1307,241050
0.014624999999999999,9,1306,240900
0.014659090909090908,9,1305,240750
0.014666666666666668,9,1304,240600
0.014716981132075473,9,1303,240450
0.014760714285714287,9,1302,240300
0.01484375,9,1301,240150
0.014849999999999999,9,1300,240000
0.014858156028368794,9,1299,239850
0.014948979591836735,9,1298,239700
0.014990774907749077,9,1297,239550
0.015,9,1296,239400
0.015308659754224272,9,1227,229050
0.015360576923076923,9,1226,228900
0.015368421052631578,9,1225,228750
0.015486215853862912,9,1224,228600
0.0163,9,1223,228450
0.01636184210526316,9,1222,228300
0.016394607843137256,9,1221,228150
0.016845693779904306,9,1220,228000
0.017291666666666667,9,1219,227850
0.017307407407407407,9,1218,227700
0.017421875,9,1217,227550
0.0175,9,1216,227400
0.01750720620842572,9,1161,219150
0.018122610329819728,9,1160,219000
0.018282309165929857,9,1159,218850
0.018647642679900746,9,1158,218700
0.01909382284382284,9,1157,218550
0.01925,9,1156,218400
0.01953125,9,1155,218250
0.0196875,9,1154,218100
0.019714285714285715,9,1153,217950
0.019951923076923075,9,1152,217800
0.02,9,1151,217650
0.020368421052631577,9,1104,210600
0.02064285714285714,9,1103,210450
0.020830592105263158,9,1101,210150
0.020858653806350123,9,1100,210000
0.02112012987012987,9,1099,209850
0.02125,9,1098,209700
0.021625000000000002,9,1097,209550
0.02169491525423729,9,1096,209400
0.021875,9,1095,209250
0.021901041666666666,9,1094,209100
0.021920163170163168,9,1093,208950
0.02203125,9,1092,208800
0.02203584229390681,9,1091,208650
0.022104895104895102,9,1090,208500
0.022109375,9,1089,208350
0.022195121951219515,9,1087,208050
0.022261904761904764,9,1086,207900
0.02235,9,1085,207750
0.022361111111111113,9,1084,207600
0.022446808510638298,9,1083,207450
0.0225,9,1082,207300
0.02252102064602065,9,1038,200700
0.02286842105263158,9,1037,200550
0.02292427681616644,9,1036,200400
0.023,9,1035,200250
0.023229166666666665,9,1033,199950
0.02332359346642468,9,1032,199800
0.02387263099219621,9,1031,199650
0.023990740740740743,9,1030,199500
0.024204545454545454,9,1029,199350
0.024521276595744677,9,1028,199200
0.02453125,9,1027,199050
0.024601260321599306,9,1026,198900
0.0246875,9,1025,198750
0.02475,9,1024,198600
0.024833333333333332,9,1023,198450
0.02484375,9,1022,198300
0.025,9,1021,198150
0.02514781096563012,9,987,193050
0.02536842105263158,9,986,192900
0.025372610329819727,9,985,192750
0.025683922359266288,9,984,192600
0.02575171639058547,9,983,192450
0.025982142857142856,9,982,192300
0.02602490421455939,9,981,192150
0.02646551724137931,9,980,192000
0.026785714285714288,9,979,191850
0.026919354838709678,9,978,191700
0.02723684210526316,9,977,191550
0.02734375,9,976,191400
0.027448979591836738,9,975,191250
0.027490774907749076,9,974,191100
0.0275,9,973,190950
0.027584678053428055,9,950,187500
0.027793564794338792,9,949,187350
0.027868421052631577,9,948,187200
0.02814285714285714,9,947,187050
0.028208609507166665,9,946,186900
0.028235294117647056,9,945,186750
0.028965517241379312,9,944,186600
0.028999999999999998,9,943,186450
0.029284188034188034,9,942,186300
0.029500000000000002,9,941,186150
0.02965169022154316,9,940,186000
0.029750000000000002,9,939,185850
0.029775641025641026,9,938,185700
0.029861111111111113,9,937,185550
0.029990774907749075,9,936,185400
0.03,9,935,185250
0.030048076923076924,9,912,181800
0.030117814171122994,9,911,181650
0.030554935368209364,9,910,181500
0.03085357176185144,9,909,181350
0.03152687883430375,9,908,181200
0.03201357466063349,9,907,181050
0.03203125,9,906,180900
0.0322887323943662,9,905,180750
0.032417763157894734,9,904,180600
0.03241935483870968,9,903,180450
0.0325,9,902,180300
0.03286057692307692,9,871,175650
0.03303649692656036,9,870,175500
0.034523809523809526,9,869,175350
0.034667790850837994,9,868,175200
0.034739886614459266,9,867,175050
0.034793700088731144,9,866,174900
0.034917763157894736,9,865,174750
0.03495283018867925,9,864,174600
0.035,9,863,174450
0.035304347826086956,9,849,172350
0.035722787542399013,9,848,172200
0.03625,9,847,172050
0.036588109602815486,9,846,171900
0.03674404761904762,9,845,171750
0.036807303807303814,9,844,171600
0.03683152173913043,9,843,171450
0.03711538461538462,9,842,171300
0.037138354700854706,9,841,171150
0.03714372086247086,9,840,171000
0.03723575367647059,9,839,170850
0.037307692307692306,9,838,170700
0.0373828125,9,837,170550
0.03743902439024391,9,836,170400
0.0375,9,835,170250
0.037632045757819754,9,816,167400
0.03786842105263158,9,815,167250
0.03894444444444444,9,814,167100
0.03896551724137931,9,813,166950
0.03936248647186147,9,812,166800
0.039447704240487914,9,811,166650
0.03952724358974359,9,810,166500
0.03958629768461853,9,809,166350
0.03970535714285714,9,808,166200
0.03971818585722706,9,807,166050
0.03991666666666667,9,806,165900
0.04,9,805,165750
0.04027595001675884,9,787,163050
0.04036842105263158,9,786,162900
0.0405,9,785,162750
0.04066834207459207,9,784,162600
0.04127882647771242,9,783,162450
0.04144327894327894,9,782,162300
0.04160008741258741,9,781,162150
0.04172213622291022,9,780,162000
0.04175893550893551,9,779,161850
0.041835165737255514,9,778,161700
0.04191512076240361,9,777,161550
0.04195652173913043,9,776,161400
0.042109375,9,775,161250
0.04211538461538462,9,774,161100
0.04226946271929824,9,773,160950
0.04230769230769231,9,772,160800
0.04248587570621469,9,771,160650
0.0425,9,770,160500
0.04330560021918038,9,758,158700
0.04346153846153847,10,758,163700
0.04428418803418803,10,757,163550
0.04428931451612903,10,756,163400
0.044642857142857144,10,755,163250
0.044774242424242425,10,754,163100
0.044807692307692305,10,753,162950
0.044937500000000005,10,752,162800
0.045,10,751,162650
0.045256343750580845,10,738,160700
0.04587676772693081,10,737,160550
0.04657308377896613,10,736,160400
0.04659054487179487,10,735,160250
0.04670454545454545,10,734,160100
0.04721064814814815,10,733,159950
0.04734375,10,732,159800
0.04735294117647059,10,730,159500
0.0473828125,10,729,159350
0.047418561996459246,10,728,159200
0.0475,10,727,159050
0.047721362229102164,10,714,157100
0.04834935897435898,10,713,156950
0.04943392235926629,10,712,156800
0.049749999999999996,10,711,156650
0.049816364447733436,10,710,156500
0.04984375,10,709,156350
0.04990373383395912,10,708,156200
0.05,10,707,156050
0.050333751329304885,10,698,154700
0.050446594179962216,10,697,154550
0.051558068574532774,10,696,154400
0.052226137706855795,10,695,154250
0.05231493506493507,10,694,154100
0.0525,10,693,153950
0.05324234346642468,10,685,152750
0.0533125,10,684,152600
0.05336986490212297,10,683,152450
0.05337322835173084,10,682,152300
0.05348214285714285,10,681,152150
0.05368744580701103,10,680,152000
0.054023852116875375,10,679,151850
0.05445652173913044,10,678,151700
0.05473983253588516,10,677,151550
0.05484375,10,676,151400
0.055,10,675,151250
0.05543561364114323,10,667,150050
0.056055314290772665,10,666,149900
0.05609587104072398,11,666,154900
0.056206772394272395,11,665,154750
0.05627320954907161,11,664,154600
0.05655794023294557,11,663,154450
0.05675009935082201,11,662,154300
0.05714285714285714,11,661,154150
0.057173953864762685,11,660,154000
0.057300000000000004,11,659,153850
0.05734183235025805,11,658,153700
0.05738095238095238,11,657,153550
0.057416666666666664,11,656,153400
0.0575,11,655,153250
0.05759995464917258,11,648,152200
0.05787224560294542,11,647,152050
0.057908301921913534,12,647,157050
0.05812709953059007,12,646,156900
0.05876551724137931,13,646,161900
0.058766531541149546,13,645,161750
0.05969312941379763,13,644,161600
0.05969387755102041,13,643,161450
0.05976923076923077,13,642,161300
0.059802631578947364,13,641,161150
0.05991666666666666,13,640,161000
0.05991776315789474,13,639,160850
0.06,13,638,160700
0.06105263157894737,13,624,158600
0.06148776520803739,13,623,158450
0.06184782608695652,13,622,158300
0.061853688708951866,13,621,158150
0.062115384615384614,13,620,158000
0.06225,13,619,157850
0.06241758241758242,13,618,157700
0.0625,13,617,157550
0.06286057692307692,13,614,157100
0.06346153846153846,13,613,156950
0.06387994714014639,13,612,156800
0.06402777777777778,13,611,156650
0.065,13,610,156500
0.06536842105263158,13,600,155000
0.06589461518358682,13,599,154850
0.0659450541826686,13,598,154700
0.06598016781083144,13,597,154550
0.06705592105263157,13,596,154400
0.06722139303482587,13,595,154250
0.0673686882062147,13,594,154100
0.0675,13,593,153950
0.06780769887808802,13,584,152600
0.06782949700653564,13,583,152450
0.06823493103798187,13,582,152300
0.06833910831268807,13,581,152150
0.06847909190201279,13,580,152000
0.06919491525423728,13,579,151850
0.06966666666666667,13,578,151700
0.06967560943584532,13,577,151550
0.07,13,576,151400
0.07019039408866995,13,572,150800
0.0725,13,571,150650
0.07268500717226152,13,569,150350
0.07292906209732246,13,568,150200
0.0730446497946498,13,567,150050
0.07306818181818181,13,566,149900
0.07308526731279984,13,565,149750
0.07322875874125874,13,564,149600
0.07325992833452219,13,563,149450
0.0733125,13,562,149300
0.07383824946994184,13,561,149150
0.07464743589743589,13,560,149000
0.07489755129351487,13,559,148850
0.075,13,558,148700
0.07542140151515152,13,550,147500
0.07544093898272947,13,549,147350
0.0755287270729875,13,548,147200
0.07670652576937337,13,547,147050
0.07705576759966073,13,546,146900
0.07728286338836518,13,545,146750
0.0775,13,544,146600
0.07777218749117622,13,541,146150
0.07822490268050936,13,540,146000
0.0789655172413793,13,539,145850
0.07916666666666666,13,538,145700
0.07980021573713525,13,537,145550
0.07983534557547715,13,536,145400
0.07995226446648983,13,535,145250
0.08,13,534,145100
0.08002808181786542,13,532,144800
0.08064206941953354,13,531,144650
0.08089139618614433,13,530,144500
0.08089963815115672,13,529,144350
0.08205613951266125,13,528,144200
0.08226581880941358,13,527,144050
0.08232142857142857,13,526,143900
0.0824175824175824,13,525,143750
0.08245488722762101,13,524,143600
0.0825,13,523,143450
0.0827925401458943,13,521,143150
0.08295337616604374,13,520,143000
0.08304901960784314,13,519,142850
0.08315435473626229,13,518,142700
0.0831818385613669,13,517,142550
0.08367754878660014,13,516,142400
0.08415051434783326,13,515,142250
0.08485880428303297,13,514,142100
0.085,13,513,141950
0.0850235033807505,13,510,141500
0.08512631026504489,13,509,141350
0.08519227638031067,13,508,141200
0.08572973128820205,14,508,146200
0.08595535285959739,14,507,146050
0.08624871963479559,14,506,145900
0.086875,14,505,145750
0.08687973484848484,14,504,145600
0.0873076923076923,14,503,145450
0.08741935483870968,14,502,145300
0.0875,14,501,145150
0.08816469352808101,14,497,144550
0.08829364421821469,14,496,144400
0.08879979646113662,14,495,144250
0.08958059413001208,14,494,144100
0.09,14,493,143950
0.09057500774025923,14,486,142900
0.09079577662253747,14,485,142750
0.09102950948111711,14,484,142600
0.09116760179668619,14,483,142450
0.09207271344927728,14,482,142300
0.09223341616898008,14,481,142150
0.09230519480519479,14,480,142000
0.0925,14,479,141850
0.09312481007203903,14,477,141550
0.09370535714285716,14,476,141400
0.0937270541958042,14,475,141250
0.09377687193458203,14,474,141100
0.09382658871486271,14,473,140950
0.09385381105873376,14,472,140800
0.0943020459683148,14,471,140650
0.09494565217391304,14,470,140500
0.095,14,469,140350
0.09741776315789474,14,466,139900
0.0975,14,465,139750
0.09766514244336014,14,462,139300
0.09784919660872378,14,461,139150
0.09882038355143691,14,460,139000
0.09882092952088806,14,459,138850
0.09883617751680752,14,458,138700
0.09947177748771517,14,457,138550
0.1,14,456,138400
0.1000121906216616,14,453,137950
0.10019732535912684,14,452,137800
0.10146230174185465,14,451,137650
0.10168813829071516,14,450,137500
0.10190223056076714,14,449,137350
0.10212500000000001,14,448,137200
0.10247455118411003,14,447,137050
0.1025,14,446,136900
0.10426185297946584,14,441,136150
0.1046802203931199,14,440,136000
0.10477093782323071,14,439,135850
0.105,14,438,135700
0.10514190469576137,14,435,135250
0.10518219341038149,15,435,140250
0.10541669672138677,15,434,140100
0.10653811985554296,15,433,139950
0.10720256081924492,15,432,139800
0.1075,15,431,139650
0.10767811603518879,15,430,139500
0.10843482905982907,15,429,139350
0.10899125010758198,15,428,139200
0.1101902286902287,15,427,139050
0.11077452579660324,15,426,138900
0.11187024425807715,15,425,138750
0.112125,15,424,138600
0.11230000000000001,15,423,138450
0.11239977577364149,15,422,138300
0.1125,15,421,138150
0.11331170801599645,16,418,142700
0.11350150119393065,16,417,142550
0.11404436841688195,16,416,142400
0.11428320996021796,16,415,142250
0.11491776315789475,16,414,142100
0.11496376811594203,16,413,141950
0.11509784511355199,16,412,141800
0.1152768147850911,16,411,141650
0.11540920147391186,16,410,141500
0.11564285714285714,17,410,146500
0.11604626252484734,17,409,146350
0.11606456349350573,17,408,146200
0.11618347408091895,17,407,146050
0.11743243243243243,17,406,145900
0.1175,17,405,145750
0.11750362989839587,17,404,145600
0.1185565200882281,17,403,145450
0.11918889578163772,18,403,150450
0.11938955299965913,18,402,150300
0.1196526720311812,18,401,150150
0.11967512376237624,18,400,150000
0.11971080780220283,18,399,149850
0.12,18,398,149700
0.12027190244703373,18,395,149250
0.12062745849326698,18,394,149100
0.12064151480059145,18,393,148950
0.1225,18,392,148800
0.12446735769751859,18,391,148650
0.1247184278532115,18,390,148500
0.12485294117647058,18,389,148350
0.125,18,388,148200
0.12578468406616128,18,385,147750
0.12594356589489664,18,384,147600
0.12632601452809727,18,383,147450
0.12726998641655105,18,382,147300
0.1275,19,382,152300
0.12801987041767457,19,379,151850
0.12864874303078505,20,379,156850
0.12899131023855037,20,378,156700
0.1298,20,377,156550
0.13,20,376,156400
0.13122126345385693,20,374,156100
0.13142455340760142,20,373,155950
0.13229888672231743,20,372,155800
0.1325,20,371,155650
0.13286453776466012,20,370,155500
0.13414250279879256,21,370,160500
0.13434078911259054,21,369,160350
0.13450058518254818,21,368,160200
0.13472222222222222,21,367,160050
0.135,21,366,159900
0.13552533836457759,21,363,159450
0.13581472586846352,21,362,159300
0.13593599523805813,21,361,159150
0.1361233352976904,21,360,159000
0.13615014180412405,21,359,158850
0.13659484976471364,21,358,158700
0.1371943246638591,21,357,158550
0.1375,21,356,158400
0.13782715099471352,21,354,158100
0.13808254099842113,21,353,157950
0.13871712441409934,21,352,157800
0.138971298080042,21,351,157650
0.139765625,21,350,157500
0.14,21,349,157350
0.14157462822973796,21,346,156900
0.1420109259644453,21,345,156750
0.1425,21,344,156600
0.14251074436606626,21,342,156300
0.14280291579439713,21,341,156150
0.14398384301271575,22,341,161150
0.14491529436877168,22,340,161000
0.145,22,339,160850
0.145631051644799,22,338,160700
0.14659030134528295,22,337,160550
0.14724724401505848,22,336,160400
0.1475,22,335,160250
0.14804438211700804,22,333,159950
0.14822916666666666,22,332,159800
0.14938318155947639,22,331,159650
0.1494188173139286,22,330,159500
0.14953588546917357,22,329,159350
0.15,23,329,164350
0.15004639821350732,23,327,164050
0.15030002545501842,24,327,169050
0.15049750903867845,24,326,168900
0.15059523809523812,24,325,168750
0.1507313521998994,24,324,168600
0.15140647858792738,24,323,168450
0.15195913461538463,25,323,173450
0.1525,25,322,173300
0.15299524560582362,25,319,172850
0.15343747423063275,25,318,172700
0.15350001777560862,25,317,172550
0.155,25,316,172400
0.1550749845405054,25,314,172100
0.15508435213162441,25,313,171950
0.15521109842427888,25,312,171800
0.15551068749387445,25,311,171650
0.155635520855682,25,310,171500
0.15582710136990197,25,309,171350
0.1559599939559891,26,309,176350
0.15608329293797524,26,308,176200
0.1568141902736886,26,307,176050
0.15750816596238662,27,307,181050
0.15867431058046758,27,306,180900
0.15947259121414262,28,306,185900
0.1595238095238095,28,305,185750
0.15960096743879496,28,304,185600
0.16084442158628115,29,304,190600
0.16097663373860185,29,303,190450
0.16139999980028744,29,302,190300
0.16168563926201115,29,301,190150
0.1625,29,300,190000
0.16255268199233716,29,299,189850
0.1648014442187197,29,298,189700
0.16503492656376062,29,297,189550
0.1677358887393111,29,296,189400
0.1681828562699782,29,295,189250
0.1683125,29,294,189100
0.16860523408852315,29,293,188950
0.16873916619389567,29,292,188800
0.169869510419871,29,291,188650
0.17,29,290,188500
0.17026645815558109,29,288,188200
0.17131287186341063,29,287,188050
0.17165438759410848,29,286,187900
0.17230008098101166,29,285,187750
0.17247503735289565,29,284,187600
0.1725,29,283,187450
0.1725972784106803,29,282,187300
0.17471819984243298,29,281,187150
0.1754427531521241,29,280,187000
0.17556780041527684,29,279,186850
0.17664731494920174,29,278,186700
0.177222643746526,29,277,186550
0.17731010646750356,29,276,186400
0.17840736257786077,29,275,186250
0.18,29,274,186100
0.1803235578901164,29,273,185950
0.18212499999999998,29,272,185800
0.1825,29,271,185650
0.18250780255114057,29,269,185350
0.18266916302918013,29,268,185200
0.18296250960061441,29,267,185050
0.1832036083421716,29,266,184900
0.18399494949494946,29,265,184750
0.1841260531408338,29,264,184600
0.18671588664722094,29,263,184450
0.18684521217003888,29,262,184300
0.18694612215244658,29,261,184150
0.18707481729069325,29,260,184000
0.1875,29,259,183850
0.1881285183960766,29,257,183550
0.18916513027536333,29,256,183400
0.18936454339806247,29,255,183250
0.18981667540814764,29,254,183100
0.18982088283468967,29,253,182950
0.19,29,252,182800
0.191967823886992,29,251,182650
0.1925,29,250,182500
0.1929924350743131,29,248,182200
0.1929998572326867,29,247,182050
0.19366016659187013,29,246,181900
0.1941967648968685,29,245,181750
0.1942562311469241,29,244,181600
0.19432387017215497,29,243,181450
0.195,29,242,181300
0.19679234529498046,29,241,181150
0.19740529930810702,29,240,181000
0.19749708956789408,29,239,180850
0.19886145254196602,29,238,180700
0.2,29,237,180550
0.20041668488341288,29,235,180250
0.20163538006278808,29,234,180100
0.20176961312862704,29,233,179950
0.20189865574545002,29,232,179800
0.20197288654060064,29,231,179650
0.20245283018867924,29,230,179500
0.2025,29,229,179350
0.20323173877457051,29,228,179200
0.20435168139893103,30,228,184200
0.2044160583941606,30,227,184050
0.20488876698117375,31,227,189050
0.20501334625106757,31,226,188900
0.2060888745071588,31,225,188750
0.2063029624330472,31,224,188600
0.20735294117647057,32,224,193600
0.2075,32,223,193450
0.2076787964225387,32,222,193300
0.20866250114805907,32,221,193150
0.20986186853117325,32,220,193000
0.209994420368451,32,219,192850
0.2107816391728139,32,218,192700
0.21112035923943526,32,217,192550
0.212165282823041,32,216,192400
0.2125,32,215,192250
0.21301008242699213,32,214,192100
0.21413200280112044,32,213,191950
0.2141578860420642,32,212,191800
0.215,32,211,191650
0.21504873382675765,32,208,191200
0.2162917742513481,32,207,191050
0.2169102022529442,32,206,190900
0.21712912087912087,32,205,190750
0.21738108441514675,32,204,190600
0.2175,32,203,190450
0.21788867123527425,32,202,190300
0.21810572208351042,32,201,190150
0.2185862391795269,32,200,190000
0.2191979166666667,32,199,189850
0.21975567324832032,32,198,189700
0.22016067425105507,32,197,189550
0.22463541666666667,32,196,189400
0.225,32,195,189250
0.22614581639220813,32,194,189100
0.22773674661252058,33,194,194100
0.2288949106120475,33,193,193950
0.22991913061169134,34,193,198950
0.23167106344174965,34,192,198800
0.23233543404268409,35,192,203800
0.2325,36,192,208800
0.2328161043418085,36,191,208650
0.23313028687248874,36,190,208500
0.2335533791469803,36,189,208350
0.2336130013028292,36,188,208200
0.235,36,187,208050
0.23734375,36,186,207900
0.23776712434730538,36,185,207750
0.2392171863444879,36,184,207600
0.24,36,183,207450
0.24278725438319296,36,180,207000
0.245,36,179,206850
0.24632426230693605,36,176,206400
0.24652675279315603,36,175,206250
0.2475,37,175,211250
0.248692598209795,37,173,210950
0.24942580008679407,37,172,210800
0.24963151119177035,37,171,210650
0.2497277462121212,37,170,210500
0.25,37,169,210350
0.2503013886625023,37,168,210200
0.2524932795698925,37,167,210050
0.2525,37,166,209900
0.2547355139101968,37,164,209600
0.255598536943759,37,163,209450
0.2557958139224542,37,162,209300
0.2569536323051948,37,161,209150
0.2597277462121212,37,160,209000
0.2598838275491345,37,159,208850
0.2610164835164835,37,158,208700
0.26168889578163773,37,157,208550
0.26172431298082066,37,156,208400
0.2631014896098411,37,155,208250
0.265758549337591,37,154,208100
0.2665597909607643,37,153,207950
0.2674605752557396,37,152,207800
0.2675,37,151,207650
0.27,37,149,207350
0.27032937898390724,37,148,207200
0.27124871955561164,37,147,207050
0.27191307520984226,37,146,206900
0.27257074263274095,37,145,206750
0.27429005835538883,38,145,211750
0.275,38,144,211600
0.27500314525220654,38,143,211450
0.27505579079585596,38,142,211300
0.2775,38,141,211150
0.2807826012353096,38,140,211000
0.28099564456190523,38,139,210850
0.28167413651787326,38,138,210700
0.28223409930645565,38,137,210550
0.2824534161490683,38,136,210400
0.2830547459888852,38,135,210250
0.28381371413403467,38,134,210100
0.2838193334598584,38,133,209950
0.285,38,132,209800
0.28720821272512553,38,130,209500
0.28744541487373426,38,129,209350
0.2895151515151515,38,128,209200
0.2899290150528311,38,127,209050
0.29,38,126,208900
0.2940277777777778,38,124,208600
0.2940965507822528,38,123,208450
0.29716747146619843,39,123,213450
0.29998762376237625,39,122,213300
0.30013412470239825,39,121,213150
0.3025,39,120,213000
0.30327895388845183,39,119,212850
0.30566336389374893,39,118,212700
0.30582749722218294,39,117,212550
0.305986496521071,39,116,212400
0.306849169836911,39,115,212250
0.30979594245878905,39,114,212100
0.30981863390001046,39,113,211950
0.3114922306019658,39,112,211800
0.3125193337354227,39,111,211650
0.31483938166184594,39,110,211500
0.3153106683817903,39,109,211350
0.3173076923076923,39,108,211200
0.31839621392160744,39,107,211050
0.31839830657592644,39,106,210900
0.3193744960138995,39,105,210750
0.32157050537948295,39,104,210600
0.32260491640725514,39,103,210450
0.3231956379266571,39,102,210300
0.325,39,101,210150
0.32575509044254586,39,100,210000
0.32899941559551926,39,99,209850
0.33,39,98,209700
0.3304909932516095,39,96,209400
0.3325,39,95,209250
0.335,39,94,209100
0.33644453569830896,40,94,214100
0.3368989724955763,41,94,219100
0.33722826086956526,41,93,218950
0.33924276198448383,41,92,218800
0.3394276862695537,41,91,218650
0.33966912952965217,41,90,218500
0.34109375,41,89,218350
0.345,41,88,218200
0.34535537485502643,41,87,218050
0.3464296495631764,41,86,217900
0.34683982617715386,41,85,217750
0.3475,41,84,217600
0.34836610173628435,41,83,217450
0.3486982036337584,41,82,217300
0.3513913897304699,41,81,217150
0.355,41,80,217000
0.3579470811194694,41,79,216850
0.3580568294668587,41,78,216700
0.3581704651675169,41,77,216550
0.3594597059062019,41,76,216400
0.3612332454324781,41,75,216250
0.36175821844008,41,74,216100
0.3640453879901211,41,73,215950
0.3673387198687149,41,72,215800
0.3725,41,71,215650
0.37293307141381143,41,70,215500
0.3773214285714286,41,69,215350
0.3775,41,68,215200
0.37930437632678343,41,67,215050
0.37972604599952825,41,66,214900
0.3799175824175824,41,65,214750
0.38345880317403513,41,64,214600
0.39412944675791345,41,63,214450
0.3958699245521165,41,62,214300
0.3975,41,61,214150
0.400224137912547,41,60,214000
0.40073904807151256,41,59,213850
0.4019615384615385,41,58,213700
0.4069100250645025,42,58,218700
0.41,42,57,218550
0.41234375,42,56,218400
0.4142782737520838,42,55,218250
0.4168792901726991,42,54,218100
0.4175,42,53,217950
0.41808652688509484,42,52,217800
0.4196089663109437,42,51,217650
0.4218683220844467,42,50,217500
0.42269276879250384,42,49,217350
0.42456152684810144,43,49,222350
0.4253484175690277,43,48,222200
0.43,43,47,222050
0.4336856803105803,44,47,227050
0.4365026710365245,44,46,226900
0.4375,44,45,226750
0.4394311209715619,44,44,226600
0.4444907090580009,44,43,226450
0.445,44,42,226300
0.4474561403508772,45,42,231300
0.4482842581599489,45,41,231150
0.4500351430882975,45,40,231000
0.4527661209254471,45,39,230850
0.4543396226415094,45,38,230700
0.455,45,37,230550
0.4657389408351677,45,36,230400
0.4675,45,35,230250
0.47058269553566157,46,35,235250
0.4742435486915768,46,34,235100
0.4775,46,33,234950
0.49,46,32,234800
0.49301047151468746,46,31,234650
0.495,46,30,234500
0.4969017534420141,46,29,234350
0.49762020154502856,46,28,234200
0.5,46,27,234050
0.5026230342874397,47,26,238900
0.505,47,25,238750
0.5099691358024692,49,25,248750
0.5102850788013717,50,25,253750
0.5175,50,24,253600
0.5198795180722892,50,23,253450
0.53984375,51,23,258450
0.5425,51,22,258300
0.5475,52,22,263300
0.5575,52,21,263150
0.56,53,21,268150
0.562817053076913,53,20,268000
0.565,53,19,267850
0.5704773119139976,54,19,272850
0.575,54,18,272700
0.5775,56,18,282700
0.58,57,18,287700
0.5809893615299729,58,18,292700
0.58734375,58,17,292550
0.5875,58,16,292400
0.59,59,16,297400
0.5999193548387097,59,15,297250
0.6,59,14,297100
0.6023138957816377,59,12,296800
0.605,59,11,296650
0.61,60,11,301650
0.6131738815556289,61,11,306650
0.6196299389367816,61,10,306500
0.6198399419030903,62,10,311500
0.6225023488028566,62,9,311350
0.625,62,8,311200
0.6318370927934075,63,7,316050
0.6375,63,6,315900
0.64,65,6,325900
0.6698148148148149,66,6,330900
0.67,67,6,335900
0.685,68,6,340900
0.6975,69,6,345900
0.7022435897435898,71,6,355900
0.7048828125,72,6,360900
0.71,72,5,360750
0.7123780487804878,74,5,370750
0.714656124497992,75,5,375750
0.715,76,5,380750
0.7191501721170397,77,5,385750
0.7194311214061861,78,5,390750
0.7195,79,5,395750
0.7223076923076923,80,5,400750
0.725,81,5,405750
0.7347282608695653,82,5,410750
0.735,83,5,415750
0.7375,84,5,420750
0.7391239184801838,85,5,425750
0.74,85,4,425600
0.7425,86,4,430600
0.7428875721688222,87,4,435600
0.745,88,4,440600
0.7474816176470589,89,4,445600
0.75,90,4,450600
0.7525,91,4,455600
0.755,93,4,465600
0.7575,94,4,470600
0.76,95,4,475600
0.7644387755102041,96,4,480600
0.7647222222222223,97,4,485600
0.7745292904290428,98,4,490600
0.7770850815850815,98,3,490450
0.7873863636363636,99,3,495450
0.7875,100,3,500450
0.7925,102,3,510450
0.7948078576164775,104,3,520450
0.7975,105,3,525450
0.7992906212491461,105,2,525300
0.8,105,1,525150
0.8025,106,1,530150
0.8073214285714286,108,1,540150
0.8125,109,1,545150
0.8174324324324325,110,1,550150
0.8175,111,1,555150
0.8192841880341879,113,1,565150
0.82,114,1,570150
0.8225,115,1,575150
0.825,116,1,580150
0.8275,118,1,590150
0.8295921732626139,119,1,595150
0.83,120,1,600150
0.8371126237623763,121,0,605000
0.8375,122,0,610000
0.8425,123,0,615000
0.8448529411764706,124,0,620000
0.845,125,0,625000
0.8499603848330505,127,0,635000
0.85,128,0,640000
0.8523660714285713,130,0,650000
0.8525,131,0,655000
0.855,133,0,665000
0.86,136,0,680000
0.8624177631578948,138,0,690000
0.8625,139,0,695000
0.865,140,0,700000
0.8675,141,0,705000
0.87,142,0,710000
0.8725,143,0,715000
0.875,144,0,720000
0.877467105263158,145,0,725000
0.8795996492815031,146,0,730000
0.88,147,0,735000
0.8824177631578948,150,0,750000
0.8872542429015766,151,0,755000
0.8875,152,0,760000
0.89,153,0,765000
0.8925,154,0,770000
0.895,157,0,785000
0.8974167489576476,160,0,800000
0.8975,161,0,805000
0.8999489795918367,162,0,810000
0.9,163,0,815000
0.9025,164,0,820000
0.9075,166,0,830000
0.9099845679012346,169,0,845000
0.91,170,0,850000
0.9125,171,0,855000
0.9148052633097399,172,0,860000
0.9149313764118729,173,0,865000
0.915,174,0,870000
0.9175,176,0,880000
0.92,178,0,890000
0.9222885438294425,182,0,910000
0.9223828125,183,0,915000
0.9225,184,0,920000
0.925,187,0,935000
0.9275,189,0,945000
0.93,192,0,960000
0.9325,194,0,970000
0.9349937810945274,196,0,980000
0.935,197,0,985000
0.9375,199,0,995000
0.9395238095238095,202,0,1010000
0.94,203,0,1015000
0.9423808693663318,204,0,1020000
0.9424534161490683,205,0,1025000
0.9425,206,0,1030000
0.945,208,0,1040000
0.9473863636363636,210,0,1050000
0.9474177631578948,211,0,1055000
0.9475,212,0,1060000
0.95,213,0,1065000
0.9525,216,0,1080000
0.955,217,0,1085000
0.9572600518210888,220,0,1100000
0.9575,221,0,1105000
0.9623078576164775,224,0,1120000
0.962490774907749,225,0,1125000
0.9625,226,0,1130000
0.9648863636363636,227,0,1135000
0.965,228,0,1140000
0.9669184149184149,231,0,1155000
0.967265625,232,0,1160000
0.9673091643966909,233,0,1165000
0.97,234,0,1170000
0.972390574650913,235,0,1175000
0.9725,236,0,1180000
0.9748808693663318,239,0,1195000
0.9749932795698925,240,0,1200000
0.975,241,0,1205000
0.9775,243,0,1215000
0.9799175824175825,244,0,1220000
0.9799390243902439,245,0,1225000
0.9824852071005918,246,0,1230000
0.982490774907749,247,0,1235000
0.9825,248,0,1240000
0.985,250,0,1250000
0.9874747474747474,253,0,1265000
0.9875,254,0,1270000
0.9898808693663318,258,0,1290000
0.99,259,0,1295000
0.992467105263158,263,0,1315000
0.9925,264,0,1320000
0.9949876237623763,267,0,1335000
0.995,268,0,1340000
